<?xml version="1.0" encoding="UTF-8"?>
<!DOCTYPE sqlMap PUBLIC
"-//ibatis.apache.org//DTD SQL Map 2.0//EN"
"http://ibatis.apache.org/dtd/sql-map-2.dtd">

<sqlMap namespace="bbs">

<select id="maxNum" resultClass="int">
	select nvl(max(num),0) from board
</select>

<insert id="insertData" parameterClass="com.bbs.BoardCommand">
	insert into board (num,subject,name,email,content,pwd,ipAddr,
	hitCount,created) values (#num#,#subject#,#name#,#email#,
	#content#,#pwd#,#ipAddr#,0,sysdate)
</insert>

<sql id="where-list">
	<isEqual property="searchKey" compareValue="name">
	where name like '%' || #searchValue# || '%'
	</isEqual>
	<isEqual property="searchKey" compareValue="subject">
	where subject like '%' || #searchValue# || '%'
	</isEqual>
	<isEqual property="searchKey" compareValue="content">
	where content like '%' || #searchValue# || '%'
	</isEqual>

</sql>

<!-- 데이터 갯수 -->
<select id="dataCount" resultClass="int" parameterClass="map">
	select nvl(count(*),0) from board
	<include refid="where-list"/>
</select>

<!-- 전체 데이터 -->
<select id="listData" resultClass="com.bbs.BoardCommand" parameterClass="map">
	select * from(
	select rownum rnum, data.* from (
	select num,name,subject,hitCount,to_char(created, 'YYYY-MM-DD') created from board
	<include refid="where-list"/>
	order by num desc) data)
<![CDATA[		
	where rnum>=#start# and rnum<=#end#
]]>

</select>

<!-- 전체 데이터2 -->
<select id="listData2" resultClass="com.bbs.BoardCommand" parameterClass="map">
	select * from(
	select rownum rnum, data.* from (
	select num,name,subject,hitCount,to_char(created, 'YYYY-MM-DD') created from board
	where $searchKey$ like '%' || #searchValue# || '%'
	order by num desc) data)
<![CDATA[		
	where rnum>=#start# and rnum<=#end#
]]>
</select>



<select id="readData" resultClass="com.bbs.BoardCommand" parameterClass="int">
	select num,name,subject,email,pwd,content,ipAddr,hitCount,created
	from board where num=#num#
</select>

<update id="hitCountUpdate" parameterClass="int">
	update board set hitCount=hitCount+1
	where num=#num#
</update>

<!-- 이전글 -->
<select id="preReadData" resultClass="com.bbs.BoardCommand"
parameterClass="map">
	select data.* from(
	select num,subject from board
	where ($searchKey$ like '%' || #searchValue# || '%')
	and (num>#num#) order by num asc) data
	where rownum=1
	
</select>


<!-- 다음글 -->
<select id="nextReadData" resultClass="com.bbs.BoardCommand"
parameterClass="map">
	select data.* from(
	select num,subject from board
	where ($searchKey$ like '%' || #searchValue# || '%')
<![CDATA[	
	and (num<#num#) order by num desc) data
	where rownum=1
]]>
</select>

<!-- 수정 -->
<update id="updateData" parameterClass="com.bbs.BoardCommand">
	update board set name=#name#, subject=#subject#, email=#email#,
	content=#content#, pwd=#pwd# where num=#num#
</update>

<!-- 삭제 -->
<delete id="deleteData" parameterClass="int">
	delete board where num=#num#

</delete>

</sqlMap>




