<?xml version="1.0" encoding="UTF-8"?>
<!DOCTYPE sqlMap PUBLIC
"-//ibatis.apache.org/DTD SQL Map 2.0//EN"
"http://ibatis.apache.org/dtd/sql-map-2.dtd">

<sqlMap namespace="file">

<select id="maxNum" resultClass="int">
	select nvl(max(num),0) from fileTest
</select>

<insert id="insertData" parameterClass="com.file.FileDTO">
	insert into fileTest (num,subject,saveFileName,originalFileName)
	values (#num#,#subject#,#saveFileName#,#originalFileName#)
</insert>

<select id="dataCount" resultClass="int">
	select nvl(count(*),0) from fileTest
</select>

<select id="listData" resultClass="com.file.FileDTO" parameterClass="map">
	select * from(
	select rownum rnum, data.* from(
	select num,subject,saveFileName,originalFileName
	from fileTest order by num desc) data)
<![CDATA[
	where rnum>=#start# and rnum<=#end#
]]>
</select>

<select id="readData" resultClass="com.file.FileDTO" parameterClass="int">
	select num,subject,saveFileName,originalFileName
	from fileTest where num=#num#
</select>

<delete id="deleteData" parameterClass="int">
	delete fileTest where num=#num#
</delete>

</sqlMap>