<?xml version="1.0" encoding="UTF-8"?>  
<beans xmlns="http://www.springframework.org/schema/beans"
	xmlns:xsi="http://www.w3.org/2001/XMLSchema-instance"
	xmlns:aop="http://www.springframework.org/schema/aop"
	xmlns:context="http://www.springframework.org/schema/context"
	xmlns:p="http://www.springframework.org/schema/p"
	xmlns:util="http://www.springframework.org/schema/util"
	xsi:schemaLocation="http://www.springframework.org/schema/beans http://www.springframework.org/schema/beans/spring-beans-2.5.xsd
		http://www.springframework.org/schema/aop http://www.springframework.org/schema/aop/spring-aop-2.5.xsd
		http://www.springframework.org/schema/context http://www.springframework.org/schema/context/spring-context-2.5.xsd
		http://www.springframework.org/schema/util http://www.springframework.org/schema/util/spring-util-2.5.xsd">

<bean id="viewResolver" class="org.springframework.web.servlet.view.InternalResourceViewResolver">
    <property name="prefix" value="/" /> 
    <property name="suffix" value=".jsp" /> 
</bean>

<!-- 어노테이션을 사용할 패키지 설정 -->
<!-- 특정 위치에서만 사용할 경우 *을 com.~~~ 로 지정하면 된다. -->
<!-- scope는 장소 이외의 장소에서 객체를 인식할지의 여부 -->
<context:component-scan base-package="*" scoped-proxy="no"/>


<!-- 어노테이션 사용 설정 -->
<bean class="org.springframework.web.servlet.mvc.annotation.DefaultAnnotationHandlerMapping" p:alwaysUseFullPath="true">
	<property name="order" value="1"/>


</bean>



<bean id="beanNameUrlMapping" class="org.springframework.web.servlet.handler.BeanNameUrlHandlerMapping"/>

<bean name="/test/msg.action" class="com.test.TestController"/>






<bean id="handlerMapping" class="org.springframework.web.servlet.handler.SimpleUrlHandlerMapping">

	<property name="order" value="2"/>
	
	<!-- .../spring/a.action -->
	<!-- .../spring/test/a.action -->
	<!-- 중간요소(test)를 쓸 수 있게 하겠다. -->
	<property name="alwaysUseFullPath" value="true"/>
	<property name="mappings">
		<props>
			<prop key="/test/write.action">listFormController</prop>
			<prop key="/test/write_ok.action">listController</prop>
			<prop key="/test1/login.action">loginController</prop>
			<prop key="/test2/mem.action">memController</prop>
			<prop key="/multi/*.action">multiTestController</prop>
		</props>
	</property>

</bean>


<bean name="multiTestController" class="com.test3.MultiTestController">

	<property name="methodNameResolver" ref="propsResolver"/>

</bean>

<bean id="propsResolver" class="org.springframework.web.servlet.mvc.multiaction.PropertiesMethodNameResolver">

	<property name="mappings">
	
		<props>
			<prop key="/multi/list.action">list</prop>
			<prop key="/multi/view.action">view</prop>
		</props>
	</property>

</bean>






<bean name="memController" class="com.test2.MemController">
	<property name="pages">
	
		<list>
			<value>test2/mem1</value>
			<value>test2/mem2</value>
			<value>test2/mem3</value>
		
		</list>
	
	</property>



</bean>





<bean name="authenticator-ref" class="com.test1.LoginAuthenticatorImpl"/>

<bean name="loginController" class="com.test1.LoginController">
	<property name="authenticator" ref="authenticator-ref"/>
	<property name="commandClass" value="com.test1.LoginCommand"/>
	<property name="commandName" value="loginCommand"/>
	<property name="formView" value="test1/login"/>

</bean>





<bean name="listFormController" class="com.test.ListFormController"/>
<bean name="listController" class="com.test.ListController"/>







</beans>